{"cameraMode":{"drawMode":0,"name":"Shaded","section":"Shading Mode"},"sceneLighting":false,"audioPlay":false,"sceneViewState":{"m_AlwaysRefresh":false,"showFog":true,"showSkybox":false,"showFlares":true,"showImageEffects":true,"showParticleSystems":true,"showVisualEffectGraphs":true,"m_FxEnabled":true},"in2DMode":false,"pivot":{"x":-0.3897186815738678,"y":0.6840919256210327,"z":0.012027950957417488},"rotation":{"x":0.25755181908607485,"y":-0.1895349770784378,"z":0.05221724137663841,"w":0.9464412331581116},"size":1.5519282817840577,"orthographic":true}