{"cameraMode":{"drawMode":0,"name":"Shaded","section":"Shading Mode"},"sceneLighting":false,"audioPlay":false,"sceneViewState":{"m_AlwaysRefresh":false,"showFog":true,"showSkybox":false,"showFlares":true,"showImageEffects":true,"showParticleSystems":true,"showVisualEffectGraphs":true,"m_FxEnabled":true},"in2DMode":false,"pivot":{"x":-1.0784225463867188,"y":-19.935710906982423,"z":-0.10666131973266602},"rotation":{"x":0.25755181908607485,"y":-0.1895349770784378,"z":0.05221724137663841,"w":0.9464412331581116},"size":84.54332733154297,"orthographic":true}