{"cameraMode":{"drawMode":0,"name":"Shaded","section":"Shading Mode"},"sceneLighting":false,"audioPlay":false,"sceneViewState":{"m_AlwaysRefresh":false,"showFog":true,"showSkybox":false,"showFlares":true,"showImageEffects":true,"showParticleSystems":true,"showVisualEffectGraphs":true,"m_FxEnabled":true},"in2DMode":false,"pivot":{"x":-1.370333194732666,"y":0.057016462087631229,"z":0.1144171953201294},"rotation":{"x":-0.03726405277848244,"y":0.847931981086731,"z":-0.060142043977975848,"w":-0.5253689885139465},"size":1.494510531425476,"orthographic":false}