{"cameraMode":{"drawMode":0,"name":"Shaded","section":"Shading Mode"},"sceneLighting":false,"audioPlay":false,"sceneViewState":{"m_AlwaysRefresh":false,"showFog":true,"showSkybox":false,"showFlares":true,"showImageEffects":true,"showParticleSystems":true,"showVisualEffectGraphs":true,"m_FxEnabled":true},"in2DMode":false,"pivot":{"x":342.5782165527344,"y":1098.950927734375,"z":5.2974853515625},"rotation":{"x":-0.01381232962012291,"y":-0.017394009977579118,"z":0.00008542736031813547,"w":-0.9998376369476318},"size":912.9332885742188,"orthographic":true}