{"cameraMode":{"drawMode":0,"name":"Shaded","section":"Shading Mode"},"sceneLighting":false,"audioPlay":false,"sceneViewState":{"m_AlwaysRefresh":false,"showFog":true,"showSkybox":false,"showFlares":true,"showImageEffects":true,"showParticleSystems":true,"showVisualEffectGraphs":true,"m_FxEnabled":true},"in2DMode":false,"pivot":{"x":471.9681396484375,"y":1033.5457763671875,"z":-2.0433349609375},"rotation":{"x":-0.01381232962012291,"y":-0.017394009977579118,"z":0.00008542736031813547,"w":-0.9998376369476318},"size":1104.97216796875,"orthographic":true}