{"cameraMode":{"drawMode":0,"name":"Shaded","section":"Shading Mode"},"sceneLighting":false,"audioPlay":false,"sceneViewState":{"m_AlwaysRefresh":false,"showFog":true,"showSkybox":false,"showFlares":true,"showImageEffects":true,"showParticleSystems":true,"showVisualEffectGraphs":true,"m_FxEnabled":true},"in2DMode":false,"pivot":{"x":1.5069999694824219,"y":0.33699989318847659,"z":0.03800010681152344},"rotation":{"x":-0.00915183313190937,"y":0.9708927273750305,"z":-0.23636914789676667,"w":-0.03759137541055679},"size":1.5625971555709839,"orthographic":false}