{"cameraMode":{"drawMode":0,"name":"Shaded","section":"Shading Mode"},"sceneLighting":false,"audioPlay":false,"sceneViewState":{"m_AlwaysRefresh":false,"showFog":true,"showSkybox":false,"showFlares":true,"showImageEffects":true,"showParticleSystems":true,"showVisualEffectGraphs":true,"m_FxEnabled":true},"in2DMode":false,"pivot":{"x":-0.31572210788726809,"y":-0.5042457580566406,"z":-0.7803617715835571},"rotation":{"x":0.04022779315710068,"y":-0.9573124647140503,"z":0.23458290100097657,"w":0.16411955654621125},"size":1.0792253017425538,"orthographic":false}